,Subject,90% Component RH,90% Component LH,95% Component RH,95% Component LH,99% Component RH,99% Component LH,Inverse RSME RH,Inverse RSME LH
0,1,1086,1135,1970,2018,4168,4202,5.551088e-06,3.002063e-06
1,2,1025,1121,1874,2018,4036,4265,3.2586975e-06,3.601998e-06
2,3,1256,1276,2165,2157,4376,4296,1.7803876e-06,1.775468e-06
3,4,1014,1122,1824,1940,3827,3931,2.1587844e-06,1.7485607e-06
4,5,757,718,1524,1468,3605,3485,2.0935447e-06,3.312408e-06
5,6,1026,1128,1920,1980,4135,4077,1.8129654e-06,1.9162878e-06
6,7,1001,938,1843,1710,4000,3707,1.6078955e-06,3.5062967e-06
7,8,975,988,1808,1769,3940,3760,1.6180039e-06,1.9765935e-06
